{"files":{"MiamiLogo-c7a9f08c34303ffe35e293bb6bd5d9c314acaad3bb15d6e6fde1908cdff7c9e4.jpg":{"logical_path":"MiamiLogo.jpg","mtime":"2016-03-14T17:07:22-04:00","size":386640,"digest":"c7a9f08c34303ffe35e293bb6bd5d9c314acaad3bb15d6e6fde1908cdff7c9e4","integrity":"sha256-x6nwjDQwP/414pO7a9XZwxSsqtO7Fdbm/eGQjN/3yeQ="},"logo-d4f2c07ce744004d0b66fe9e35d5cf205872b56d44bc52eedde838112d0fca09.gif":{"logical_path":"logo.gif","mtime":"2016-03-14T17:07:22-04:00","size":67597,"digest":"d4f2c07ce744004d0b66fe9e35d5cf205872b56d44bc52eedde838112d0fca09","integrity":"sha256-1PLAfOdEAE0LZv6eNdXPIFhytW1EvFLu3eg4ES0Pygk="},"application-67df81e520972bb0cdccb996994640a4155df2cb74d7d4a89354b83f849c4434.js":{"logical_path":"application.js","mtime":"2016-03-15T17:00:40-04:00","size":375911,"digest":"67df81e520972bb0cdccb996994640a4155df2cb74d7d4a89354b83f849c4434","integrity":"sha256-Z9+B5SCXK7DNzLmWmUZApBVd8st019Sok1S4P4ScRDQ="},"application-66ce076406441667989b0d357dc79673203b28ab0af9bffdbb150422acdad79c.css":{"logical_path":"application.css","mtime":"2016-03-15T16:59:18-04:00","size":305606,"digest":"66ce076406441667989b0d357dc79673203b28ab0af9bffdbb150422acdad79c","integrity":"sha256-Zs4HZAZEFmeYmw01fceWcyA7KKsK+b/9uxUEIqza15w="},"bootstrap/glyphicons-halflings-regular-f495f34e4f177cf0115af995bbbfeb3fcabc88502876e76fc51a4ab439bc8431.eot":{"logical_path":"bootstrap/glyphicons-halflings-regular.eot","mtime":"2016-03-15T16:59:18-04:00","size":20335,"digest":"f495f34e4f177cf0115af995bbbfeb3fcabc88502876e76fc51a4ab439bc8431","integrity":"sha256-9JXzTk8XfPARWvmVu7/rP8q8iFAodudvxRpKtDm8hDE="},"bootstrap/glyphicons-halflings-regular-fc969dc1c6ff531abcf368089dcbaf5775133b0626ff56b52301a059fc0f9e1e.woff":{"logical_path":"bootstrap/glyphicons-halflings-regular.woff","mtime":"2016-03-15T16:59:18-04:00","size":23320,"digest":"fc969dc1c6ff531abcf368089dcbaf5775133b0626ff56b52301a059fc0f9e1e","integrity":"sha256-/Jadwcb/Uxq882gIncuvV3UTOwYm/1a1IwGgWfwPnh4="},"bootstrap/glyphicons-halflings-regular-bd18efd3efd70fec8ad09611a20cdbf99440b2c1d40085c29be036f891d65358.ttf":{"logical_path":"bootstrap/glyphicons-halflings-regular.ttf","mtime":"2016-03-15T16:59:18-04:00","size":41280,"digest":"bd18efd3efd70fec8ad09611a20cdbf99440b2c1d40085c29be036f891d65358","integrity":"sha256-vRjv0+/XD+yK0JYRogzb+ZRAssHUAIXCm+A2+JHWU1g="},"bootstrap/glyphicons-halflings-regular-d168d50a88c730b4e6830dc0da2a2b51dae4658a77d9619943c27b8ecfc19d1a.svg":{"logical_path":"bootstrap/glyphicons-halflings-regular.svg","mtime":"2016-03-15T16:59:18-04:00","size":62927,"digest":"d168d50a88c730b4e6830dc0da2a2b51dae4658a77d9619943c27b8ecfc19d1a","integrity":"sha256-0WjVCojHMLTmgw3A2iorUdrkZYp32WGZQ8J7js/BnRo="}},"assets":{"MiamiLogo.jpg":"MiamiLogo-c7a9f08c34303ffe35e293bb6bd5d9c314acaad3bb15d6e6fde1908cdff7c9e4.jpg","logo.gif":"logo-d4f2c07ce744004d0b66fe9e35d5cf205872b56d44bc52eedde838112d0fca09.gif","application.js":"application-67df81e520972bb0cdccb996994640a4155df2cb74d7d4a89354b83f849c4434.js","application.css":"application-66ce076406441667989b0d357dc79673203b28ab0af9bffdbb150422acdad79c.css","bootstrap/glyphicons-halflings-regular.eot":"bootstrap/glyphicons-halflings-regular-f495f34e4f177cf0115af995bbbfeb3fcabc88502876e76fc51a4ab439bc8431.eot","bootstrap/glyphicons-halflings-regular.woff":"bootstrap/glyphicons-halflings-regular-fc969dc1c6ff531abcf368089dcbaf5775133b0626ff56b52301a059fc0f9e1e.woff","bootstrap/glyphicons-halflings-regular.ttf":"bootstrap/glyphicons-halflings-regular-bd18efd3efd70fec8ad09611a20cdbf99440b2c1d40085c29be036f891d65358.ttf","bootstrap/glyphicons-halflings-regular.svg":"bootstrap/glyphicons-halflings-regular-d168d50a88c730b4e6830dc0da2a2b51dae4658a77d9619943c27b8ecfc19d1a.svg"}}